step,good,failed,ambiguous
1,0.4338084670536019,0.4028251963127347,0.16336633663366334
2,0.43016869542877806,0.40969994490060135,0.1601313596706205
3,0.4266009984895943,0.40406232222930233,0.16933667928110327
4,0.42310394901455284,0.40348683070000924,0.17340922028543787
5,0.4221513955687201,0.4053979825673358,0.17245062186394405
6,0.4236929520921118,0.40479604231847766,0.17151100558941051
7,0.42767923026850563,0.4042060216785078,0.16811474805298654
8,0.4291113247186342,0.40115243709081455,0.16973623819055117
9,0.42803981333806723,0.4006345670494123,0.17132561961252046
10,0.4294647675293926,0.40012695186031505,0.17040828061029234
11,0.4209605147070284,0.41200562608090285,0.16703385921206873
12,0.425000900554414,0.4112728414060335,0.1637262580395525
13,0.42153553618699985,0.41798030989304275,0.1604841539199574
14,0.4131882978466632,0.41712921464763597,0.16968248750570084
15,0.4050063513546501,0.42867121039718775,0.1663224382481622
16,0.4044121661793105,0.4325589092012038,0.16302892461948573
17,0.40878024209655184,0.4289438812962295,0.16227587660721868
18,0.41058657393622405,0.42787568562699724,0.1615377404367787
19,0.41235713682857605,0.42187814729774975,0.1657647158736742
20,0.40419164897058446,0.43332610477700223,0.1624822462524133
21,0.396187853941464,0.43712162745468536,0.16669051860385067
22,0.3932930449525241,0.44331723879221635,0.16338971625525958
23,0.3929308064386127,0.43948917465771703,0.16758001890367027
24,0.3925757409645808,0.4431626563476632,0.164261602687756
25,0.3971782015395396,0.4418129007764224,0.16100889768403806
26,0.3967390292318259,0.4429651205630279,0.16029585020514622
27,0.3987838009302056,0.4391440290667303,0.16207217000306412
28,0.40821382467416195,0.43292335522382475,0.15886282010201333
29,0.41250662022516865,0.4317763580906797,0.1557170216841517
30,0.41423916239892766,0.4281768262472999,0.15758401135377245
31,0.4134621492821172,0.4295990673117098,0.156938783406173
32,0.40527477998940203,0.43594364023623045,0.1587815797743676
33,0.4046752793955525,0.43721208300382985,0.15811263760061775
34,0.409038145150096,0.433504913043358,0.15745694180654612
35,0.41578986504811394,0.42987115238903406,0.15433898256285214
36,0.41993263999765623,0.4263093473912314,0.1537580126111125
37,0.42151813227493035,0.42281807318546444,0.15566379453960533
38,0.4255474761902783,0.41939593312238593,0.1550565906873359
39,0.42949703111720344,0.4185168057338238,0.1519861631489728
40,0.42346738693666475,0.4275560769074115,0.14897653615592385
41,0.4249828842250476,0.42404011498845284,0.15097700078649962
42,0.42646837166613577,0.42554427112729537,0.14798735720656891
43,0.4303996910390836,0.42454339447130934,0.14505691448960714
44,0.4317779149789037,0.4210870896302933,0.14713499539080305
45,0.4331288473555591,0.4152239789445449,0.15164717369989605
46,0.4394035236455481,0.411952216985247,0.14864425936920503
47,0.4406034538703887,0.41122048991623217,0.14817605621337918
48,0.446730118150183,0.4080280049673959,0.14524187688242118
49,0.4477849672957239,0.4098492325918039,0.14236580011247224
50,0.45129417586412546,0.40668390125335235,0.1420219228825223
51,0.45225864762919227,0.403581249743385,0.14416010262742285
52,0.45567926846821816,0.4005400368771794,0.14378069465460258
53,0.44665591661736237,0.41241053119644316,0.1409335521861946
54,0.4452369875754344,0.41166972859849377,0.14309328382607195
55,0.44879665118780204,0.40846834783416713,0.1427350009780309
56,0.4399095887880436,0.40533036074834206,0.15476005046361446
57,0.4435747454457061,0.4022545120206521,0.1541707425336419
58,0.442216829694306,0.39923957118855996,0.15854359911713414
59,0.4384105558389732,0.4012348272046281,0.16035461695639883
60,0.43220440621839945,0.3982400781510711,0.16955551563052956
61,0.4236459031249658,0.4027303736332281,0.17362372324180622
62,0.4276331129640754,0.39970600979890675,0.17266087723701798
63,0.4315413681529056,0.3967415343573442,0.1717170974897503
64,0.43042173710037285,0.39383576139977305,0.17574250149985426
65,0.4367500195340288,0.3909875285007676,0.17226245196520368
66,0.4380024943947411,0.3931461913027326,0.16885131430252637
67,0.43923016777306306,0.3952621083066389,0.1655077239202981
68,0.44043353078745784,0.39486087843918066,0.16470559077336153
69,0.44408831235602303,0.39446759371761275,0.16144409392636427
70,0.43529448438857704,0.4064583344360759,0.15824718117534717
71,0.4390510292521696,0.40336014959575756,0.15758882115207296
72,0.4303569494649979,0.41517480009881186,0.1544682504361903
73,0.42926077224786924,0.4143792595027958,0.15635996824933507
74,0.4281863015102877,0.41359947218590876,0.1582142263038037
75,0.4296083549457275,0.4128351262020294,0.15755651885224323
76,0.4260517538576933,0.41208591578218723,0.1618623303601196
77,0.42751607556348153,0.41135154121224293,0.16113238322427564
78,0.4190504107008383,0.423007946336753,0.15794164296240878
79,0.4181781253404257,0.42700778898354996,0.15481408567602445
80,0.412372617907942,0.4259779317759549,0.16164945031610317
81,0.41410781359293325,0.42496846778039143,0.16092371862667537
82,0.41085815391782565,0.42150374564612625,0.16763810043604815
83,0.4150985865135123,0.41810763187095545,0.16679378161553235
84,0.4167798026221556,0.4147787678735108,0.1684414295043337
85,0.41842772732270694,0.41151582197502545,0.1700564507022677
86,0.4200430198509702,0.4107927363913616,0.16916424375766834
87,0.4191510788638223,0.4125592168588594,0.16828970427731846
88,0.41085105750018225,0.41924121256462454,0.16990772993519335
89,0.41014113556948556,0.41836514894948346,0.1714937154810311
90,0.40944527149880267,0.4175064331287016,0.17304829537249583
91,0.41123843443942043,0.4166647215815986,0.17209684397898106
92,0.41052084167824376,0.4133644300651313,0.176114728256625
93,0.40239171610045676,0.4200304809549307,0.17757780294461262
94,0.4043245534053982,0.4166635407380013,0.17901190585660048
95,0.4086943642290537,0.41583852012932804,0.1754671156416183
96,0.4129776441453101,0.41502983656241066,0.17199251929227932
97,0.40975036406322474,0.41423716653147186,0.1760124694053035
98,0.40411174299266583,0.42336118303579917,0.1725270739715351
99,0.4060105203591477,0.41745304079746653,0.1765364388433859
100,0.407871698173818,0.41661238652424937,0.17551591530193272
101,0.41217126850700975,0.41331313134555137,0.174515600147439
102,0.4139104513088511,0.4125544554773226,0.17353509321382635
103,0.4131399473225372,0.4093355553688608,0.17752449730860206
104,0.4173351958904078,0.4086556433813586,0.1740091607282337
105,0.4090711326054492,0.40798919499756936,0.18293967239698156
106,0.41087170423702446,0.4098111911362314,0.1793171046267443
107,0.42006236355906357,0.40417136556917727,0.17576627087175925
108,0.4117442969539336,0.4159699523895896,0.1722857506564769
109,0.41101668711326167,0.4126834186789047,0.1762998942078338
110,0.4152539804377515,0.40946196484367886,0.17528405471856975
111,0.4169321194389842,0.40877954969825947,0.1742883308627565
112,0.4161017804401924,0.41058589524878897,0.17331232431101876
113,0.4177631313225648,0.40740597653099114,0.17483089214644412
114,0.41939158416766253,0.401813778975922,0.17879463685641553
115,0.42593828547127316,0.3963323180061018,0.17772939652262512
116,0.4298801016005549,0.3909594008178622,0.17916049758158303
117,0.4362191094896528,0.38816812555414215,0.17561276495620515
118,0.4374820974205508,0.387907370592674,0.17461053198677534
119,0.44119532321420324,0.38765177909578935,0.17115289769000752
120,0.444835019784219,0.3874012488166648,0.16776373139911627
121,0.43602640553106614,0.3995319171569289,0.16444167731200504
122,0.43481796185718363,0.40152138414392036,0.16366065399889604
123,0.42620770518674433,0.41337244584404076,0.16041984896921493
124,0.4251936912226504,0.410137347906535,0.16466896087081465
125,0.4291502517924989,0.40944155883907885,0.16140818936842227
126,0.42560272205403354,0.406284300248206,0.16811297769776046
127,0.4196501929044487,0.40071431410467717,0.1796354929908741
128,0.4113402880944596,0.3977298722412182,0.19092983966432214
129,0.41309592595397526,0.3948045282364416,0.1920995458095831
130,0.4123415511826094,0.3968876068852249,0.19077084193216562
131,0.40912686700077555,0.39645418892710166,0.19441894407212273
132,0.4109263349809582,0.39355410597805013,0.19551955904099158
133,0.4151654174565828,0.39318669793888084,0.1916478846045363
134,0.4168453101802148,0.3953018128311802,0.1878528769886049
135,0.4209671852261512,0.3948997967355133,0.18413301803833548
136,0.42005694393454424,0.394505741354612,0.18543731471084368
137,0.41173898464871167,0.4064957266743227,0.1817652886769656
138,0.4110114800022025,0.40339680139364303,0.18559171860415438
139,0.407823133863545,0.4053097360195115,0.1868671301169434
140,0.4121236658662471,0.4022342957022934,0.18564203843145935
141,0.40396280119562833,0.41407124034185194,0.18196595846251956
142,0.3959635378056159,0.4256737900380529,0.17836267215633106
143,0.3980236657698611,0.4221951011264083,0.17978123310373045
144,0.4025182466457054,0.41878529714370716,0.17869645621058727
145,0.397022835821038,0.42781925165571294,0.17515791252324892
146,0.4064877301612155,0.4218228308308473,0.17168943900793704
147,0.4058642107520825,0.4233708935866721,0.17076489566124523
148,0.40525303826194226,0.4224130541097083,0.17233390762834927
149,0.4071292157221018,0.4239494292758527,0.16892135500204533
150,0.4015424985790899,0.4254553811713804,0.17300212024952957
151,0.40596739959732575,0.4219810171877887,0.17205158321488542
152,0.4103046788132203,0.4185754524910008,0.17111986869577878
153,0.4145560713119684,0.4152373247189018,0.17020660396912968
154,0.41624803029588986,0.4169157935363493,0.16683617616776078
155,0.42285698019102075,0.4136105302980057,0.16353248951097343
156,0.4243845647416936,0.41284596534160956,0.16276946991669672
157,0.4308323951428482,0.40962129276058756,0.1595463120965641
158,0.4346772982093265,0.4064604750821601,0.15886222670851333
159,0.43597081705666657,0.4033622478528104,0.16066693509052296
160,0.43723872166940586,0.40527586670721016,0.1574854116233839
161,0.4384815192601107,0.4022010970694436,0.1593173836704456
162,0.4421749545222867,0.3991872139591576,0.1586378315185556
163,0.4408447574030335,0.39623301170254066,0.16292223089442578
164,0.4420161483455477,0.39333730850051013,0.16464654315394212
165,0.44563959095256656,0.39297419348069806,0.16138621556673532
166,0.44671603469608007,0.39014302133256545,0.16314094397135442
167,0.44777116272190026,0.3898431595239998,0.16238567775409987
168,0.4512806446481993,0.38707398804827703,0.16164536730352363
169,0.4547206318828884,0.38435965165128144,0.1609197164658301
170,0.4580925005584748,0.3792238169651174,0.16268368247640771
171,0.46139759955731685,0.37666492950046165,0.1619374709422214
172,0.4596867560017264,0.37168146554995746,0.16863177844831603
173,0.4629602855858507,0.36927193157867116,0.16776778283547808
174,0.46616899280197244,0.36691011115137073,0.16692089604665672
175,0.4643636662118344,0.36707030697015547,0.16856602681801006
176,0.46011884113833273,0.36722733059450885,0.1726538282671584
177,0.46090856705638555,0.36738124484016216,0.1717101881034523
178,0.4641579023621997,0.36753211127897084,0.16830998635882946
179,0.4648676468698789,0.3701552377882982,0.16497711534182294
180,0.46556333703087144,0.36777592614892596,0.1666607368202027
181,0.466245251149072,0.36791897711627397,0.1658357717346541
182,0.46196316696790224,0.3705344429159517,0.1675023901161461
183,0.4627163715823992,0.3681476222641507,0.16913600615345012
184,0.4659299087787873,0.3658080653876329,0.16826202583357983
185,0.464129316525742,0.36846533141956095,0.16740535205469706
186,0.4549386369905788,0.3809709684211538,0.1640903945882674
187,0.4508804461590822,0.38332797894746756,0.16579157489345023
188,0.4419521204925657,0.39306405857227017,0.1649838209351641
189,0.43320059335409905,0.4050825920658886,0.16171681458001233
190,0.4345233538817407,0.3995364021239898,0.16594024399426952
191,0.4259189310325973,0.41142677039876224,0.16265429856864042
192,0.42986113041809043,0.4082302006878957,0.16190866889401387
193,0.42877477139991044,0.4100474244366502,0.16117780416343933
194,0.42770992444149636,0.414303911081469,0.1579861644770346
195,0.4192404209872093,0.42590185343629144,0.15485772557649924
196,0.4233148680963735,0.4248938959425035,0.151791235961123
197,0.42483338555981165,0.42638114552780043,0.1487854689123879
198,0.4287970808952609,0.42288844957675487,0.14831446952798416
199,0.43020703968941415,0.4194649159217696,0.15032804438881617
200,0.43158907850744554,0.4185844225371801,0.14982649895537425
201,0.4230427601211595,0.41524611714040427,0.16171112273843613
202,0.4220914183365821,0.4169244118504953,0.16098416981292255
203,0.4236341625279369,0.41361897795246566,0.16274685951959736
204,0.4226711098046114,0.41285424571578316,0.16447464447960533
205,0.42667762248174784,0.4096294091669558,0.16369296835129632
206,0.428129550749436,0.4089436782923626,0.16292677095820135
207,0.4295527279623184,0.4082715262469693,0.1621757457907122
208,0.4210467333492032,0.4076126841430689,0.1713405825077278
209,0.4226101643719912,0.4044916408927111,0.17289819473529755
210,0.4216673888398726,0.4039076480037465,0.17442496315638076
211,0.4133175395559147,0.4157114569541674,0.17097100348991778
212,0.4175092714458966,0.4099547944402235,0.1725359341138798
213,0.4191427512192452,0.40678737276813987,0.17406987601261484
214,0.4207438848584681,0.4036826723172856,0.17557344282424622
215,0.42231331288107266,0.40311469860803245,0.1745719885108948
216,0.4263269106458039,0.40008272437817044,0.17359036497602562
217,0.4277857837023227,0.3995860367667215,0.1726281795309558
218,0.43664151075772223,0.39414868950401416,0.1692097997382636
219,0.43542088678232177,0.3912942600088852,0.17328485320879305
220,0.4366996811034639,0.3909716013948478,0.17232871750168824
221,0.4379531527647815,0.3906553320602964,0.17139151517492213
222,0.43670655568033034,0.3878700779600925,0.17542336635957714
223,0.43548464368666046,0.3876152249311798,0.17690013138215976
224,0.4367621754948454,0.3848901709721465,0.17834765353300808
225,0.43801440964346233,0.3822190784776486,0.17976651187888912
226,0.42934085697725516,0.3944523640523486,0.17620677897039627
227,0.43321529545295306,0.3915919211998269,0.1751927833472201
228,0.43701301237467677,0.3912633683047808,0.17172361932054248
229,0.44073552698111884,0.38846607388290394,0.17079839913597727
230,0.4419090809022848,0.38324892390502463,0.17484199519269059
231,0.44305939613194256,0.38061033135244987,0.1763302725156076
232,0.4441869328422011,0.3804992356821043,0.17531383147569457
233,0.4452921420928506,0.38039033992602306,0.17431751798112635
234,0.44637546601180406,0.38028360052154736,0.1733409334666486
235,0.44743733797196633,0.3826542222933979,0.16990843973463576
236,0.44847818276460066,0.3825026535351128,0.16901916370028655
237,0.45197366429401453,0.3823540861383779,0.1656722495676076
238,0.4529246808426479,0.3822084606702912,0.1648668584870609
239,0.45385686538041725,0.3771152238253349,0.1690279107942478
240,0.4547705908184288,0.3745980906802788,0.1706313185012924
241,0.4531909751586579,0.3746060492806693,0.17220297556067274
242,0.4565931340664073,0.37213860276026,0.17126826317333269
243,0.46240317101558737,0.36972001656698755,0.1678768124174251
244,0.46809815772815,0.36487407564486896,0.16702776662698104
245,0.46872987737709754,0.3650745889984359,0.16619553362446657
246,0.46687384020131345,0.37022162684005105,0.16290453295863555
247,0.465054556236931,0.37526674314024805,0.159678700622821
248,0.4632712976975858,0.3752614610978669,0.1614672412045473
249,0.46399859873327715,0.3752562836503844,0.16074511761633845
250,0.46471149776826176,0.37772645625136686,0.15756204598037135
251,0.4555092898916625,0.3900487046424289,0.15444200546590856
252,0.4588655415769761,0.3872754629663412,0.15385899545668263
253,0.4497790952091152,0.3994086221155226,0.15081228267536217
254,0.4507735685713109,0.4014005305884825,0.1478259008402065
255,0.45422359691643344,0.3984025002797997,0.14737390280376678
256,0.4551300603438308,0.4004143319574274,0.1444556076987417
257,0.4461175839013787,0.41228731548302294,0.1415951006155983
258,0.4496598099627375,0.4115489528001908,0.1387912372370716
259,0.45065664540901995,0.4083499636358306,0.1409933909551494
260,0.45410898906428687,0.4052143207915567,0.14067669014415635
261,0.45501772195410295,0.40214076988479325,0.14284150816110375
262,0.4583837076579821,0.3991280813722231,0.14248821096979475
263,0.4493068025558438,0.39369980253316916,0.1569933949109869
264,0.4527858757725598,0.3933295094137005,0.15388461481373963
265,0.4561960564503309,0.392966548831251,0.15083739471841806
266,0.4595387087978491,0.39013552806231533,0.15032576313983553
267,0.46033992248502037,0.3898358146353388,0.14982426287964076
268,0.4636005180793764,0.38706678860295585,0.1493326933176677
269,0.46432129989958676,0.3893030898187389,0.14637561028167426
270,0.46502780881246625,0.38654461279262525,0.14842757839490844
271,0.46819557497459563,0.3838407590739594,0.14796366595144492
272,0.4688253655691581,0.38119044701308896,0.14998418741775293
273,0.46944268506283815,0.38354311142867137,0.1470142035084905
274,0.4700477804081285,0.3784234458558264,0.15152877373604515
275,0.4607399035683636,0.3907318924725427,0.14852820395909375
276,0.4615173312204752,0.3928956173740765,0.14558705140544834
277,0.4672298593151193,0.39006600118845125,0.14270413949642954
278,0.46540352546729513,0.3922429120560067,0.14235356247669825
279,0.4685638516956655,0.39190146825291744,0.1395346800514171
280,0.47661209225614737,0.38661629066375075,0.13677161708010188
281,0.4770752191421643,0.38391101758130025,0.1390137632765355
282,0.48247967024826005,0.38125931426285864,0.13626101548888134
283,0.47292561737205685,0.3935116050695347,0.13356277755840842
284,0.4709864962359765,0.3956202861572667,0.13339321760675676
285,0.46166003096397695,0.4075882012828654,0.1307517677531576
286,0.46241923827162096,0.4044676428416205,0.13311311888675845
287,0.4532624216721829,0.41626036278535083,0.1304772155424662
288,0.45418791827273375,0.41049283084900723,0.13531925087825894
289,0.44519409810891725,0.4221662401391259,0.13263966175195677
290,0.4462793634928991,0.4187570076611234,0.13496362884597743
291,0.4498183859979902,0.4178905322618932,0.1322910817401165
292,0.44833683380001016,0.4170412147913607,0.13462195140862904
293,0.44935986679406936,0.413733467963809,0.13690666524212153
294,0.4503626417090383,0.41049122107343655,0.13914613721752506
295,0.4538208072197504,0.4097884246165368,0.13639076816371268
296,0.45473524668074544,0.40909954492115985,0.1361652083980946
297,0.4556315784296416,0.40842430640786953,0.13594411516248875
298,0.4466091709359853,0.42013867657801074,0.13325215248600383
299,0.4501416626006193,0.41924484139824814,0.13061349600113248
300,0.4412279663114981,0.4183687059250155,0.1404033277634863
301,0.4423917689587952,0.41750991966907464,0.14009831137213014
302,0.44600777353386856,0.4166681390815682,0.1373240873845632
303,0.4495521740579504,0.41584302741658663,0.13460479852546292
304,0.4406501508092781,0.4175095021212087,0.14184034706951318
305,0.44430064287246074,0.4141924822772243,0.1415068748503149
306,0.4429283529145902,0.41341639351925946,0.14365525356615025
307,0.43415749444103396,0.41018042533075927,0.15566208022820666
308,0.43546130643230063,0.4070085357202492,0.1575301578474501
309,0.4342640528395818,0.4014242082802443,0.16431173888017386
310,0.4405162498130554,0.39842570910637803,0.16105804108056646
311,0.43179315575735133,0.41033807130229133,0.15786877294035723
312,0.43809428138591866,0.4071630599893747,0.1547426586247066
313,0.4417953847248114,0.4065261677123574,0.15167844756283122
314,0.447898446413429,0.40342663963884534,0.14867491394772564
315,0.4390291702468265,0.4127647259826306,0.14820610377054294
316,0.44271176093500814,0.40954166210178644,0.14774657696320545
317,0.44632142903530503,0.4063824212680877,0.14729614969660731
318,0.4523348660841109,0.40328573965881864,0.14437939425707053
319,0.4532787301220493,0.40272562600220835,0.1439956438757424
320,0.4517286562582463,0.39970135618038244,0.14856998756137127
321,0.4526845244511523,0.3967369728896818,0.1505785026591659
322,0.451146217036278,0.39383129025820296,0.15502249270551904
323,0.452113618679124,0.3909831458966544,0.15690323542422163
324,0.4580123589032997,0.3881914004333543,0.15379624066334596
325,0.4613190448656106,0.38297968953368394,0.15570126560070546
326,0.46208500437322225,0.38282167587955157,0.15509331974722615
327,0.4628357963658317,0.3801915436839169,0.15697265995025136
328,0.46604696871502316,0.37761349331393834,0.15633953797103847
329,0.466719305968191,0.3750864934463356,0.15819420058547334
330,0.4698535771371377,0.375084780704824,0.15506164215803822
331,0.4729257835304617,0.3701326068294809,0.15694160964005727
332,0.47346190662886845,0.3702289908526595,0.15630910251847197
333,0.4764626609530493,0.3678482187565672,0.1556891202903834
334,0.47197825182526615,0.3679898381871302,0.16003190998760353
335,0.4725331379277361,0.3656534057477811,0.16181345632448266
336,0.4755522837113453,0.36336323929733,0.16108447699132458
337,0.47356114938042754,0.3685441652518383,0.157894685367734
338,0.47408469097685474,0.3661967560389306,0.1597185529842145
339,0.4770731129377091,0.36389583017677357,0.1590310568855172
340,0.48247760575082377,0.36164046720297605,0.15588192704620002
341,0.4852998313795203,0.359429764882125,0.15527040373835446
342,0.4855909238274506,0.3597380863696077,0.1546709898029415
343,0.4883514995932437,0.3575650549563481,0.154083445450408
344,0.4885821629676349,0.3554350538681036,0.1559827831642613
345,0.4912835062752065,0.35334723101923027,0.15536926270556306
346,0.48898086258658857,0.35377599872181975,0.1572431386915915
347,0.4916743108522007,0.35419627597485304,0.15412941317294612
348,0.49678967103334526,0.35213298338129156,0.15107734558536304
349,0.49932848942872454,0.352585795591563,0.1480857149797123
350,0.4993417866677597,0.35302964122341324,0.1476285721088269
351,0.4894538304961209,0.365840935456613,0.14470523404726598
352,0.4847121704862967,0.36354705554658107,0.1517407739671221
353,0.4825396522588453,0.3662490940506092,0.15121125369054542
354,0.48783589676857114,0.3614718842674288,0.15069221896399995
355,0.4880767700998866,0.3642150152720342,0.14770821462807915
356,0.48831287366226506,0.3644285793260533,0.14725854701168153
357,0.4860690543818242,0.3621626668641513,0.1517682787540245
358,0.4838696671663425,0.3648921190054552,0.1512382138282022
359,0.4767633371234446,0.374993265163763,0.14824339771279227
360,0.4747482215368417,0.37994389357636177,0.14530788488679638
361,0.47772350427868643,0.37737074716890906,0.14490574855240437
362,0.47816462300584117,0.3748485541556633,0.14698682283849537
363,0.4686960166096859,0.38475254318228386,0.14655144020803013
364,0.47179114499365254,0.38208417599055544,0.1461246790157919
365,0.4673992411323921,0.3893696378521286,0.1432311210154792
366,0.4705200482386814,0.3866098430431755,0.14287010871814296
367,0.4612028195606877,0.39628093526014235,0.14251624517916983
368,0.461971080559486,0.3933842830767732,0.14464463636374073
369,0.4651993759939516,0.39302023786733215,0.14178038613871616
370,0.46341324973664566,0.39266340147391965,0.14392334878943466
371,0.45423674974186057,0.4046898687714658,0.1410733814866736
372,0.4551429527172693,0.40162670305321896,0.14323034422951172
373,0.45850645860405603,0.3986241940818681,0.14286934731407586
374,0.45685286536437175,0.3932058932089598,0.14994124142666843
375,0.45770726407002776,0.39037013294739625,0.15192260298257598
376,0.46101999151418566,0.3875905263543785,0.15138948213143585
377,0.4617918728703404,0.38734120900082647,0.15086691812883316
378,0.4625484694471653,0.38709682862457245,0.1503547019282622
379,0.4632900839135581,0.3843820399389373,0.15232787614750454
380,0.4615417654202203,0.38172100944509696,0.15673722513468266
381,0.4697290571940773,0.3766374250996495,0.1536335177062731
382,0.4678532342793431,0.3766050008402505,0.1555417648804063
383,0.46848980389757394,0.3740979711206416,0.1574122249817844
384,0.46416327312732497,0.3815415756529061,0.15429515121976886
385,0.4549719211842096,0.39378827712512576,0.15123980169066453
386,0.45833881383402725,0.3934162320335391,0.14824495413243355
387,0.45173804524325445,0.4004772967457462,0.14778465801099921
388,0.44279273741665537,0.41234903344385027,0.14485822913949428
389,0.44887604954701865,0.40913420109842746,0.1419897493545538
390,0.43998741490252324,0.4158840188984586,0.1441285661990181
391,0.44117578292425547,0.41754968189056835,0.14127453518517616
392,0.4423406189059534,0.4142318664075868,0.1434275146864598
393,0.4434823888286078,0.41345499776585243,0.1430626134055398
394,0.4446015494458631,0.40774301761207316,0.14765543294206376
395,0.4456985484667371,0.4070946410256955,0.14720681050756745
396,0.449249072259475,0.4064591035796421,0.14429182416088296
397,0.45025404112562406,0.4033609035087581,0.14638505536561794
398,0.451239109618186,0.4027993014590797,0.14596158892273442
399,0.45467991932871693,0.40224882024206826,0.14307126042921492
400,0.45310209914398986,0.39923399211846294,0.1476639087375473
401,0.4540307704480693,0.3987541110864142,0.14721511846551666
402,0.4574162997461273,0.39333323759955446,0.14925046265431832
403,0.4557842938105604,0.39049495566689,0.15372075052254966
404,0.45913509987371764,0.3877128773368526,0.15315202278942985
405,0.45994430581681234,0.3874611371915684,0.15259455699161936
406,0.45083649778083584,0.3896896295244086,0.15947387269475563
407,0.45676052752775,0.38692349824669753,0.15631597422555255
408,0.4551415071806658,0.3916378844200303,0.153220608399304
409,0.4461288040681774,0.4036846589859703,0.15018653694585243
410,0.442245065373758,0.4031166459367431,0.15463828868949892
411,0.44586397497031727,0.402559880670669,0.1515761443590138
412,0.43703498536694463,0.414390378083131,0.1485746365499244
413,0.4407570648646289,0.4136103705963363,0.1456325645390348
414,0.4419301922930521,0.41037056127759697,0.14769924642935095
415,0.4406048419506154,0.4047196590740802,0.15467549897530442
416,0.4417809836941676,0.4016559034488509,0.15656311285698155
417,0.4379833404526989,0.4036033113013489,0.1584133482459522
418,0.43921139311700186,0.40551215662211426,0.15527645026088385
419,0.4354646328572592,0.4024327079761318,0.16210265916660893
420,0.4367425609194917,0.3994142385112579,0.16384320056925034
421,0.44047043100029387,0.3964555407189558,0.16307402828075032
422,0.44412448187157516,0.3960306785265012,0.15984483960192358
423,0.4353299376760984,0.4079904670705309,0.15667959525337063
424,0.43413528544488855,0.40238669544537187,0.16347801910973955
425,0.4255385471192472,0.4142206222682358,0.16024083061251698
426,0.4294882788594601,0.4109687287579737,0.15954299238256614
427,0.43831029313947084,0.4053059816538554,0.15638372520667373
428,0.4395318714931447,0.40718111073001667,0.15328701777683862
429,0.44072926017644876,0.4040686134878381,0.1552021263357131
430,0.4419029381927567,0.3985425023296631,0.15955455947758015
431,0.4455286225849794,0.3980763141647193,0.15639506325030134
432,0.4466072637219105,0.39761935744858623,0.1557733788295033
433,0.44766454562840735,0.39222095433079246,0.16011450004080025
434,0.448700891259528,0.3918799453341431,0.15941916340632895
435,0.4521919627197354,0.39154568899089276,0.15626234828937194
436,0.45313865652726537,0.3912180515851325,0.1556432918876022
437,0.45406660392276504,0.39089690204879324,0.15503649402844177
438,0.4574514236470667,0.3881068643844607,0.15444171196847262
439,0.4632444647629664,0.38537207499070897,0.15138346024632465
440,0.46644754466865024,0.3826914398423781,0.15086101548897168
441,0.45968620715045916,0.38501438162767754,0.15529941122186333
442,0.45800925255342034,0.3823408295162384,0.15964991793034128
443,0.45884075250285755,0.3821954665555208,0.15896378094162164
444,0.45965578710676136,0.38205298206927285,0.15829123082396576
445,0.4629299299363304,0.37943807153324766,0.1576319985304219
446,0.4636639907296704,0.3793501889286289,0.15698582034170067
447,0.46438351566571656,0.3792640465736065,0.1563524377606769
448,0.4675640401079796,0.37670436248304007,0.15573159740898032
449,0.46820633634346515,0.37419536520614816,0.15759829845038664
450,0.4688359138416143,0.37421129856840263,0.15695278758998293
451,0.4595520343596022,0.38660315404229567,0.1538448115981021
452,0.462828231699016,0.3838981410909631,0.15327362721002086
453,0.4660395538435899,0.3837219402772807,0.15023850587912935
454,0.4642367904011426,0.38354922858862167,0.1522139810102357
455,0.4624697252446843,0.3784294418838965,0.15910083287141916
456,0.4607376514774629,0.37836153214362134,0.16090081637891582
457,0.4639903712501864,0.37829496715067834,0.1577146615991353
458,0.4671786807303807,0.3782297202764075,0.15459159899321182
459,0.4653533603198781,0.37816576541944896,0.15648087426067298
460,0.4660394323927518,0.3805783245200539,0.1533822430871943
461,0.45681092878101415,0.3903688527473796,0.1528202184716063
462,0.4601414054388159,0.3875892715048572,0.15226932305632696
463,0.46093068453903735,0.38733997899981054,0.15172933646115216
464,0.45922908682539304,0.3895708705047648,0.15120004266984222
465,0.45261068906647434,0.38680709089080906,0.16058222004271663
466,0.45354909126317783,0.38657328711079303,0.15987762162602917
467,0.4544689112381644,0.3863441131085991,0.1591869756532365
468,0.45537051695622055,0.388594724730211,0.15603475831356844
469,0.4562542690957013,0.3883255222603058,0.15542020864399284
470,0.44721953109380624,0.39796264063138886,0.15481782827480486
471,0.4482646888939289,0.39998318240106434,0.15175212870500673
472,0.4393881604009798,0.41186470354163734,0.14874713605738282
473,0.44801413742274254,0.406184214362595,0.14580164821466238
474,0.4515188079688269,0.4030914576425436,0.14538973438862945
475,0.45247883157340457,0.40005994362982,0.1474612247967754
476,0.44351885471056485,0.4119399447460612,0.1445412005433739
477,0.44958778828065266,0.4087332131669313,0.141678998552416
478,0.45306129742361,0.40558998122303164,0.14134872135335827
479,0.44408978658353854,0.4124099815948528,0.1435002318216086
480,0.44767216704723084,0.4091939423553508,0.14313389059741832
481,0.44870836175916684,0.4060415870611854,0.14525005117964768
482,0.4521992852886883,0.40295165464413224,0.1448490600671794
483,0.45562108161960535,0.40239815653236727,0.14198076184802733
484,0.45649987208258347,0.40433086630400356,0.13916926161341292
485,0.45983650827896794,0.39879956202075595,0.14136392970027603
486,0.45815657742195864,0.39585303604014693,0.14599038653789434
487,0.4614604075720189,0.39296485710865886,0.14557473531932216
488,0.4622235678181175,0.39013386983918047,0.14764256234270193
489,0.462971615980135,0.3923094367730581,0.14471894724680684
490,0.45875435625775607,0.3993924182230965,0.1418532255191473
491,0.4645215967278995,0.39643415251570846,0.1390442507563919
492,0.4676993868917035,0.39600971385203104,0.13629089925626534
493,0.46833900299285786,0.3931184323896146,0.1385425646175274
494,0.4714412009533953,0.39275965155021625,0.13579914749638825
495,0.46953147420184294,0.39240797528189514,0.13806055051626176
496,0.46023382124735096,0.4044395005238378,0.13532667822881103
497,0.4535955277573044,0.4137575302164351,0.13264694202626032
498,0.4545144281977538,0.4105148068458126,0.13497076495643337
499,0.452939885065125,0.40981154334391534,0.13724857159095943
500,0.45387176852918193,0.40664695832720416,0.1394812731436137
501,0.4572604463800892,0.4060202858850813,0.13671926773482926
502,0.45563152664979045,0.40788127032300053,0.13648720302720888
503,0.4614606053299926,0.40475490853442625,0.13378448613558097
504,0.4671742567095967,0.40169045490008115,0.13113528839032193
505,0.4653490239034661,0.40611242609017856,0.12853855000635517
506,0.45613419174696185,0.41787257606859085,0.12599323218444713
507,0.45452757408860617,0.4170236141662425,0.12844881174515116
508,0.45790326569081197,0.4137162158659209,0.12838051844326698
509,0.4488358742909939,0.41047431060124917,0.14068981510775674
510,0.44984902529513265,0.40482135395567986,0.14532962074918732
511,0.4409411238041399,0.41660706971893374,0.14245180647692618
512,0.43963535897633516,0.41578316734826176,0.1445814736754029
513,0.43092970830353644,0.42735181749978135,0.14171847419668204
514,0.4347726843767337,0.4238399003215679,0.14138741530169824
515,0.4360643143890756,0.42287277358252695,0.14106291202839727
516,0.43733036756948995,0.42192479786802145,0.1407448345624884
517,0.4360961028651436,0.4234708414745953,0.1404330556602609
518,0.43488627904603183,0.42003577530678154,0.14507794564718643
519,0.44112615470848665,0.4166687302512017,0.14220511504031144
520,0.439816725902378,0.41089311183038585,0.149290162267236
521,0.4335827313300537,0.4176080997149327,0.1488091689550135
522,0.4348979247690625,0.4167643749681023,0.14833770026283502
523,0.42628608467462564,0.4283135952657637,0.14540032005961057
524,0.42774576616621723,0.4247826329832733,0.14747160085050937
525,0.4291765430738169,0.42132159074598075,0.14950186618020225
526,0.433054235290177,0.41792908399853557,0.14901668071128735
527,0.4244789038982923,0.42202949817678237,0.15349159792492523
528,0.42597437114783104,0.4210982209851629,0.15292740786700593
529,0.4299154727092601,0.4177101374012983,0.15237438988944146
530,0.4313032851308589,0.4168643921062231,0.15183232276291786
531,0.42276262601935677,0.42841163186649595,0.1488257421141472
532,0.42181683144471604,0.4273539757899317,0.1508291927653522
533,0.4258402605250187,0.42136676834854686,0.15279297112643433
534,0.4174077801185827,0.4253991095693677,0.1571931103120495
535,0.40914227952217513,0.4367773450234397,0.15408037545438513
536,0.4010404522049043,0.4454550213596092,0.15350452643548643
537,0.40547529473550026,0.44158462489704264,0.152940080367457
538,0.40734707107737156,0.4402661174733388,0.15238681144928953
539,0.4067065350164335,0.4414489666322826,0.1518444983512838
540,0.4060786828378903,0.4376578979860988,0.15626341917601086
541,0.4079385109005063,0.438892395055681,0.15316909404381263
542,0.4122367582094072,0.43515195158923187,0.15261129020136088
543,0.4090241491359536,0.43396082383498963,0.1570150270290567
544,0.4108256511332614,0.43031803524419776,0.15885631362254074
545,0.40269048972468197,0.4415988662294612,0.15571064404585677
546,0.4070926582449853,0.44028007679917486,0.1526272649558398
547,0.40893240758666877,0.4365121544863199,0.1545554379270113
548,0.400834736149309,0.44767032964500664,0.15149493420568433
549,0.40774889978991674,0.4412808181668877,0.15097028204319554
550,0.41205090177427484,0.4399683267180384,0.1479807715076867
551,0.4113172205510219,0.43620657767411686,0.15247620177486124
552,0.403172325094566,0.4473708038587878,0.14945687104664615
553,0.3951887146966538,0.4583139562576237,0.14649732904572246
554,0.38736319559374977,0.4665651650446015,0.14607163936164874
555,0.39206887488892306,0.46475199345955986,0.14317913165151708
556,0.3942061248911226,0.4604994787375884,0.14529439637128902
557,0.3938258055863479,0.45880641975268566,0.14736777466096646
558,0.3984035124064202,0.457146886688276,0.14444960090530376
559,0.4028905715666891,0.45304496813999334,0.14406446029331754
560,0.40481353054556657,0.45397477075108256,0.14121169870335085
561,0.4042231636040702,0.45488616142927896,0.14089067496665084
562,0.4061197346218114,0.45577950476731305,0.13810076061087556
563,0.3980777596788052,0.4616056531877623,0.14031658713343248
564,0.4050465169128883,0.4574154422335492,0.13753804085356253
565,0.40692678390471226,0.4557834532784294,0.1372897628168583
566,0.40876981788679717,0.45418378093628226,0.13704640117692052
567,0.4155268511959695,0.4501405377494252,0.13433261105460526
568,0.4147243392910988,0.44617735878409004,0.1390983019248111
569,0.41393771871107704,0.44476790613490014,0.14129437515402277
570,0.42306766487521413,0.4384358683896546,0.13849646673513122
571,0.42706632497669506,0.43717971257995847,0.13575396244334645
572,0.4309858036900278,0.4334731836179791,0.13554101269199306
573,0.4348276689634926,0.42984005126910824,0.13533227976739914
574,0.4286924675978789,0.4262788621350665,0.14502867026705463
575,0.43010449794247535,0.4252634391224909,0.14463206293503375
576,0.4314885672901491,0.424268123496303,0.14424330921354794
577,0.43284522932400754,0.4232925170904356,0.1438622535855569
578,0.4391255218126411,0.4198609820985458,0.1410134960888132
579,0.43785570949951946,0.4164973982946142,0.1456468922058664
580,0.4440367845589349,0.4132004201105624,0.1427627953305027
581,0.4426697195181639,0.41739447119748196,0.13993580928435415
582,0.4438049725970122,0.41407972919357144,0.14211529820941643
583,0.44491774541687334,0.41578112069468887,0.13930113388843787
584,0.4460084831313907,0.4149735737502396,0.1390179431183698
585,0.4495528696040364,0.41418201783439323,0.1362651125615704
586,0.44807657515643173,0.4134061362931181,0.1385172885504502
587,0.4515800093117499,0.4076951236932544,0.14072486699499576
588,0.45006357348379444,0.4045724479765563,0.1453639785396493
589,0.44857716608807574,0.40398685494731756,0.14743597896460675
590,0.43969444992791584,0.4157890954434103,0.14451645462867393
591,0.430987629137264,0.4224071331574022,0.14660523770533385
592,0.4348294582632588,0.4189931305206219,0.14617741121611932
593,0.43611996404022396,0.4131714843716987,0.15070855158807736
594,0.43490966772259576,0.40994036586928884,0.15514996640811543
595,0.433723337668683,0.4092484774362336,0.15702818489508344
596,0.42761000424950113,0.4184712798632389,0.15391871588726
597,0.43151871703663974,0.41761046244020444,0.15087082052315584
598,0.4229737919468053,0.426667681005745,0.15035852704744979
599,0.4244990633934032,0.42316931108483913,0.15233162552175772
600,0.4235188839202665,0.4222154633405849,0.15426565273914866
601,0.4275086089911523,0.41633000862096936,0.15616138238787838
602,0.4190430919814265,0.42541258270768284,0.15554432531089069
603,0.42312144659565565,0.4219390662184218,0.15493948718592254
604,0.41969329913831593,0.42100957975865105,0.15929712110303298
605,0.4212835308385473,0.42009849897135104,0.15861797019010163
606,0.4253175203268929,0.41920545938775994,0.15547702028534713
607,0.4243211337857663,0.4232805988058241,0.15239826740840956
608,0.42334447767119665,0.4223245473443226,0.15433097498448067
609,0.41496141870741055,0.4189121800701776,0.16612640122241173
610,0.41912059853498657,0.4155673844252236,0.16531201703978973
611,0.4157716757917195,0.41476406988214987,0.16946425432613052
612,0.4149643158750518,0.41397666255775084,0.17105902156719724
613,0.4166481908082191,0.41320484745759734,0.17014696173418342
614,0.41829872168330384,0.41244831582477365,0.16925296249192237
615,0.4248670638281889,0.4092315174916098,0.16590141868020114
616,0.4263548447424822,0.40855366566009277,0.16509148959742487
617,0.42781316464857166,0.40541398911236814,0.16677284623906002
618,0.42924260693275834,0.40481173190222225,0.16594566116501924
619,0.42074275333012945,0.41659763820118817,0.16265960846868222
620,0.4173617087097308,0.41824917011799634,0.16438912117227267
621,0.4239486055669639,0.4149175033829865,0.16113389105004944
622,0.41802883119930123,0.4240280478704521,0.15794312093024648
623,0.41717677513594875,0.4205819479126214,0.16224127695142973
624,0.41634159146989036,0.4147288400331635,0.168929568496946
625,0.4080972035199915,0.4263183679532989,0.16558442852670943
626,0.40249131830177387,0.42777741017204546,0.16973127152618053
627,0.40937267833540214,0.42425706541616337,0.16637025624843438
628,0.4086920312396516,0.4257569255069324,0.16555104325341588
629,0.4129753573537179,0.42475183787313175,0.1622728047731502
630,0.4146986176041393,0.4237666529647529,0.16153472943110764
631,0.4238134964634633,0.4178504816189162,0.15833602191762036
632,0.42532214009785013,0.41452670970567035,0.16015115019647935
633,0.4243256620761105,0.4112687550580333,0.164405582865856
634,0.42334891629242516,0.41055056188856726,0.16610052181900736
635,0.4273420070589118,0.4098465903660214,0.16281140257506663
636,0.4188797890973492,0.4141070539231299,0.16701315697952077
637,0.41058513980829275,0.4257088944395036,0.16370596575220353
638,0.40988048357446516,0.42718000544070156,0.16293951098483317
639,0.40176403835516883,0.4385229756299946,0.15971298601483647
640,0.3938083148233833,0.44964133254821254,0.15655035262840405
641,0.395911120470445,0.44568803883438657,0.15840084069516833
642,0.4004475339264758,0.4442882756891512,0.15526419038437292
643,0.40241886988832776,0.44291623062599966,0.15466489948567247
644,0.3969254269202421,0.4415713547720195,0.16150321830773837
645,0.39154076500102936,0.4402531101230686,0.16820612487590197
646,0.3986389676742763,0.43401047427904743,0.1673505580466762
647,0.40559661187874607,0.4303667025111455,0.16403668561010834
648,0.4099412334257016,0.42679508463963767,0.16326368193466065
649,0.4166750703875689,0.42329419187449635,0.1600307377379347
650,0.4232755640432606,0.41986262371856575,0.1568618122381736
651,0.4247948598047802,0.416499007407307,0.15870613278791273
652,0.4287593180264677,0.41567724488439,0.1555634370891422
653,0.4227442820259436,0.4148717548866793,0.16238396308737701
654,0.4217988506986972,0.40913172013644805,0.1690694291648547
655,0.423347388308624,0.40845584449018174,0.16819676720119422
656,0.42239001428271067,0.40779335252007914,0.1698166331972102
657,0.42392684568305306,0.40714397920284984,0.1689291751140971
658,0.42543324477843814,0.40403221723843696,0.1705345379831249
659,0.4293850617135186,0.4034573218475768,0.16715761643890462
660,0.43325862484790434,0.4028938105238624,0.16384756462823324
661,0.4345802362370548,0.4023414578402216,0.16307830592272368
662,0.42844993452939034,0.40922578540774196,0.16232428006286775
663,0.41996577740999647,0.41844903718184606,0.1615851854081575
664,0.4116496234018777,0.42501440278220554,0.16333597381591675
665,0.40349814571075143,0.43392500866770645,0.16257684562154215
666,0.4078843210432118,0.4278076817633954,0.1643079971933928
667,0.4072331463690888,0.4292372326195658,0.16352962101134544
668,0.4115453612924732,0.4256879804884853,0.16276665821904157
669,0.40339594819757274,0.43706049572633704,0.15954355607609025
670,0.4053088997184129,0.43335632749413233,0.1613347727874548
671,0.40223347596161263,0.4322007566526644,0.16556576738572304
672,0.40416944673465,0.4285928208773641,0.16723773238798595
673,0.40854232897752824,0.42505632937484206,0.1664013416476298
674,0.4078781244433198,0.4240651149317759,0.16805676062490446
675,0.4097023199988976,0.42309352849748333,0.16720415150361922
676,0.41149039287020656,0.42214118139852325,0.16636842573127034
677,0.4157183058826777,0.42120769265795843,0.163074001459364
678,0.419862497845397,0.42029268884294935,0.15984481331165382
679,0.42392462660093366,0.4169205563906137,0.15915481700845274
680,0.42543106963853894,0.4160904463630768,0.15847848399838438
681,0.4170066920219342,0.4227025167321248,0.16029079124594112
682,0.42607586643734147,0.41680741739089455,0.15711671617176406
683,0.4300149581910575,0.41350430021483725,0.15648074159410538
684,0.43140080060311575,0.41026659129969195,0.1583326080971924
685,0.43028395306642037,0.4095682429571238,0.16014780397645592
686,0.43909021142154075,0.4039332282451015,0.15697656033335777
687,0.440296345848837,0.40336029303232723,0.15634336111883584
688,0.4414785964260877,0.40279870307129106,0.15572270050262127
689,0.44511268362557116,0.3972977386540378,0.15758957772039114
690,0.4536253037517975,0.39190570422524496,0.15446899202295766
691,0.4446426244695837,0.40394717542870545,0.15141020010171097
692,0.4383130675493939,0.4132749541330875,0.14841197831751868
693,0.4370593434395049,0.412517034249264,0.1504236223112312
694,0.4284047029753563,0.42167511277898156,0.14992018424566225
695,0.43229767915406214,0.42075085311999183,0.14695146772594617
696,0.426212576596556,0.4272706382067247,0.1465167851967195
697,0.43014896121840634,0.42376032853926476,0.14609071024232903
698,0.4315321501051706,0.4227947774790813,0.14567307241574826
699,0.43783844416249396,0.4168978511923668,0.14526370464513938
700,0.44154461358501884,0.4135929432479635,0.1448624431670178
701,0.44765264103878083,0.4103534790252315,0.14199387993598775
702,0.4462139748795971,0.4071781626088903,0.14660786251151275
703,0.449754292208714,0.40654097127010036,0.14370473652118576
704,0.4507492567194325,0.408391645106336,0.1408590981742316
705,0.45172451896261206,0.40773042441116103,0.14054505662622702
706,0.44772997403265935,0.4095575447198509,0.14271248124748984
707,0.4487650240518146,0.40639798937886373,0.14483698656932173
708,0.4522548255557391,0.40330099949017334,0.14444417495408762
709,0.4482497795051304,0.40274058365868476,0.1490096368361849
710,0.44927453634661296,0.3997160176456415,0.1510094460077456
711,0.4403780108744028,0.411602829177411,0.1480191599481863
712,0.44155864432243447,0.4108780206788484,0.14756333499871727
713,0.4451911464150595,0.41016756482382166,0.1446412887611189
714,0.4462764702484247,0.40947117740156774,0.14425235235000763
715,0.44734030252073315,0.41126382735401196,0.141395870125255
716,0.4384820787084414,0.42044672186185333,0.1410711994297054
717,0.4372250078429277,0.4220220343002325,0.14075295785683994
718,0.4409433245193054,0.4186156573833962,0.14044101809729856
719,0.4445880111624875,0.4152767334748141,0.14013525536269858
720,0.4407347832186758,0.4144791743961049,0.14478604238521942
721,0.4394331043430585,0.418647903615984,0.14191899204095765
722,0.44063244881151276,0.41778358869289517,0.14158396249559216
723,0.43438230131029465,0.4194116364415507,0.1462060622481547
724,0.4257806715813779,0.43090843571993587,0.14331089269868627
725,0.4247751137282813,0.4298013379829074,0.1454235482888113
726,0.42873996296138467,0.4287161629733449,0.14254387406527047
727,0.4301510528037335,0.42517722905308064,0.1446717181431859
728,0.4216332101739566,0.43655985818074244,0.14180693164530103
729,0.4132840376952644,0.4353408510880545,0.1513751112166812
730,0.415001185463675,0.4291954877001722,0.15580332683615286
731,0.41668433030597846,0.4256470622011589,0.1576686074928627
732,0.4208093930721967,0.4196936550288587,0.15949695189894464
733,0.42485277142720274,0.4163333846322476,0.1588138439405497
734,0.4164398452603274,0.4278911393920051,0.15566901534766753
735,0.42304499683933083,0.42436854257236145,0.15258646058830777
736,0.4220936107633045,0.42586619519469093,0.15204019404200464
737,0.4211610640155163,0.4223836962799446,0.1564552397045392
738,0.42272223106471396,0.42144540526450014,0.15583236367078596
739,0.4217772363901652,0.42547618931866843,0.15274657429116642
740,0.4233262020062015,0.42447666081730867,0.15219713717648986
741,0.4248444950357817,0.42349692495954017,0.1516585800046782
742,0.4288079703816078,0.42006134228707404,0.15113068733131824
743,0.4326929610671205,0.41916903847940923,0.14813800045347034
744,0.43402577371925677,0.4133439090045694,0.1526303172761739
745,0.43533219404164775,0.4076341286282413,0.15703367733011106
746,0.44156323970418937,0.40451266073461273,0.15392409956119796
747,0.4451956507991559,0.40145300408640255,0.15335134511444157
748,0.4462808854367964,0.40340442974805796,0.1503146848151457
749,0.4498198778043846,0.4003667182678984,0.14981340392771708
750,0.4409125534914265,0.4122406446388311,0.14684680186974247
751,0.44208260193714083,0.4139784536558839,0.1439389444069753
752,0.4432294811067024,0.4132066030884407,0.14356391580485697
753,0.44682889732241127,0.4124500366906498,0.140721065986939
754,0.4503570379694922,0.40923320428093396,0.14040975774957387
755,0.45381531444534384,0.4036048239981432,0.142579861556513
756,0.4547298626741489,0.40551363936451656,0.13975649796133452
757,0.45810154856178953,0.4024341613572984,0.13946429008091205
758,0.45893122086749666,0.40189091063735194,0.1391778684951514
759,0.45974446401863533,0.3988831698326519,0.14137236614871276
760,0.4506406132459891,0.41078647340032215,0.13857291335368874
761,0.4540932743698309,0.40512733531318706,0.14077939031698203
762,0.4451013283427055,0.41443174451490616,0.14046692714238831
763,0.44371318322700837,0.4186014129403536,0.13768540383263805
764,0.44235252613340426,0.4202132661494555,0.13743420771714027
765,0.44349406026937643,0.4168427064237237,0.13966323330689986
766,0.4446129897689927,0.41601413797968956,0.1393728722513177
767,0.44570976224881464,0.41767722435632937,0.13661301339485596
768,0.4368838263626995,0.4267331209037288,0.13638305273357168
769,0.4307079090089827,0.4356096927670213,0.133682398223996
770,0.43208002962266623,0.43193425330628815,0.1359857170710456
771,0.4359002270558808,0.4283315948249755,0.1357681781191437
772,0.4322190344409128,0.4272755236403225,0.14050544191876463
773,0.436036479303469,0.42624036475635574,0.13772315594017523
774,0.4348278361489449,0.42770095159286353,0.13747121225819156
775,0.4336431265222331,0.42665736839300483,0.13969950508476203
776,0.4399076190663473,0.42315920268225227,0.13693317825140042
777,0.43119657710463744,0.4345817927281483,0.13422163016721428
778,0.43503426864711986,0.433401955248383,0.13156377610449715
779,0.4412712138224244,0.4297702333622764,0.1289585528152992
780,0.43748366503386155,0.4286856742857957,0.13383066068034277
781,0.44119685978566625,0.427622591626671,0.1311805485876627
782,0.4423612784037719,0.42905580763406365,0.12858291396216442
783,0.4435026392274596,0.42798539560170595,0.12851196517083444
784,0.44214615132196533,0.4294114273719692,0.12844242130606542
785,0.443291772087867,0.4308092208893559,0.125899007022777
786,0.44688995481880034,0.4272288402776855,0.1258812049035141
787,0.4479416388817944,0.42371935829198876,0.12833900282621677
788,0.44897249751779844,0.42275461852383056,0.1282728839583709
789,0.45493343816101034,0.4168584874639527,0.1282080743750368
790,0.45582584532613885,0.41602960652407245,0.12814454814978857
791,0.4616510761117599,0.41274189154339774,0.12560703234484225
792,0.46488570826796266,0.41199452735441955,0.12311976437761764
793,0.460630545728003,0.41126196245631225,0.12810749181568462
794,0.4539843963076465,0.4080686562690585,0.13794694742329483
795,0.45984609143026733,0.40493858386769105,0.13521532470204148
796,0.46064121833263827,0.4018704930980338,0.1374882885693278
797,0.463895847672586,0.4013384041257955,0.13476574820161832
798,0.46708602890679224,0.40081685156884905,0.13209711952435854
799,0.47021303823537064,0.4003056267853075,0.12948133497932174
800,0.46585238401288803,0.3973292777400539,0.13681833824705794
801,0.4665285744284744,0.3944118662996568,0.13905955927186867
802,0.46966662245959373,0.3915522253828319,0.13878115215757425
803,0.4702672834009879,0.3912244585435679,0.13850825805544406
804,0.47085605006631487,0.39337842966151704,0.13576552027216793
805,0.4689579104610413,0.39548974788604147,0.13555234165291707
806,0.4695726053033969,0.39508401030413964,0.13534338439246327
807,0.4676998804459039,0.39221105960504776,0.14008905994904816
808,0.47081473429846027,0.3893949990188092,0.13979026668273037
809,0.4614916702529462,0.4014861871570506,0.13702214259000303
810,0.4597789639113037,0.39848646067869314,0.14173457541000298
811,0.45562492502197094,0.40049662977416456,0.1438784452038643
812,0.4466026492789616,0.4123679836400227,0.14102936708101552
813,0.45261051761007126,0.40915277604319056,0.138236706346738
814,0.458499418251456,0.40600123592352344,0.1354993458250204
815,0.4568459644246945,0.4053873500636517,0.13776668551165366
816,0.45770049978262134,0.40478562035942095,0.13751387985795754
817,0.4486371235493021,0.4116215486691354,0.13974132778156234
818,0.4496542102116921,0.4084211219628159,0.1419246678254918
819,0.44817590901938137,0.4052840700427601,0.14654002093785828
820,0.44672688111800746,0.40468438548745794,0.14858873339453435
821,0.44778179436319543,0.4040965758738449,0.14812162976295942
822,0.456241560811449,0.3985699110050559,0.14518852818349487
823,0.45463281703300445,0.3956279325693122,0.1497392503976831
824,0.45305592956700436,0.3976947061818011,0.1492493642511943
825,0.44408452502112306,0.40962154368315157,0.14629393129572513
826,0.4476670096741701,0.40398547351120795,0.14834751681462166
827,0.44870330651230533,0.4009362562139563,0.15036043727373807
828,0.4447685875714676,0.4078484095562542,0.1473830028722779
829,0.4532880214809435,0.4022474509511798,0.14446452756787637
830,0.44431202105557827,0.4140841350907604,0.14160384385366098
831,0.44541475331190344,0.410834944296884,0.14375030239121225
832,0.44897089681067764,0.4076500939147675,0.14337900927455458
833,0.4524566216263078,0.40700355740160377,0.14053982097208814
834,0.45587332218816307,0.406369823591671,0.1377568542201656
835,0.45674711778839744,0.40574863896609337,0.13750424324550883
836,0.4551283629807064,0.4076150025509232,0.13725663446837005
837,0.4535416627236627,0.40696916091625146,0.1394891763600855
838,0.45693687732319416,0.40633610822484056,0.136727014451965
839,0.4602648599504576,0.4032403437055368,0.1364947963440053
840,0.4635269419316367,0.400205881453942,0.13626717661442103
841,0.46424918070526766,0.3972315075637649,0.13851931173096715
842,0.4624818701962525,0.3943160321664626,0.14320209763728464
843,0.46074955593494055,0.393933536479998,0.1453169075850612
844,0.4590515449263279,0.39108336744079014,0.14986508763288175
845,0.44996141532382633,0.3932401324419626,0.15679845223421082
846,0.44105128828771095,0.4052551793243,0.15369353238798883
847,0.44469383703448895,0.4021808193376802,0.15312534362783065
848,0.44578900857836046,0.40164258529138946,0.15256840613024983
849,0.4468624935570068,0.39863976182027283,0.15449774462272012
850,0.4479147214073631,0.3981716477248219,0.15391363086781476
851,0.45142136058741533,0.395237555690667,0.15334108372191743
852,0.4523833138431101,0.3923615644888716,0.15525512166801808
853,0.4533262185194841,0.39201777113265635,0.1546560103478593
854,0.4517752042913755,0.39168078556567304,0.15654401014295122
855,0.44282916064204136,0.4037267106039766,0.1534441287539819
856,0.44396125647091184,0.4006826173246899,0.1553561262043981
857,0.4425956870358443,0.40017405064499306,0.15723026231916248
858,0.4437324061044414,0.39720030706786447,0.15906728682769392
859,0.4448466158845515,0.39428544950216415,0.16086793461328414
860,0.43851301953040195,0.40380454951202227,0.15768243095757553
861,0.4446810785496019,0.40075891486821985,0.154560006582178
862,0.4457765027367385,0.40024883734607686,0.15397465991718437
863,0.4369492452568031,0.4121250979926892,0.15092565675050745
864,0.43572252752894564,0.40891470001263597,0.1553627724584182
865,0.4394705962907487,0.4057678742698115,0.15476152943943963
866,0.4406691983443972,0.40515860943278553,0.15417219222281706
867,0.4418440657039141,0.4020861617212452,0.15606977257484048
868,0.43309467826423265,0.4139260397069632,0.15297928202880404
869,0.4344195361203865,0.4106799795147461,0.15490048436486734
870,0.43819340669226003,0.40997344526692936,0.15183314804081055
